,accuracy,precision,recall,f1
FUNCTION,0.9228100607111882,0.43448275862068964,0.5502183406113537,0.48554913294797686
STATE,0.9713937918441875,0.60431654676259,0.6829268292682927,0.6412213740458016
O,0.8353834074849515,0.9042101197373503,0.8600293901542984,0.8815665599698739
ISSUE,0.9122606458988283,0.49625935162094764,0.6546052631578947,0.5645390070921985
COMPONENT,0.9435412355897133,0.8060344827586207,0.5615615615615616,0.6619469026548672
ACTION,0.9477434679334917,0.36936936936936937,0.2789115646258503,0.3178294573643411
PARAMETER,0.9230769230769231,0.5417721518987342,0.7157190635451505,0.61671469740634
macro,0.9223156475056121,0.5937778258240431,0.614853144703486,0.5956238759259141
micro,0.920491060393837,0.7678614385374067,0.7678614385374067,0.7678614385374067
